hypothetical_independent_clones_screened,hypothetical_per_clone_sensitivity,analytic_probability_no_missed_clone,analytic_probability_at_least_one_missed,mc_probability_no_missed_clone,mc_95_wilson_low,mc_95_wilson_high,trials
1,0.99,0.99,0.010000000000000009,0.98958,0.988651544544486,0.9904332304140845,50000
1,0.999,0.999,0.0010000000000000009,0.99894,0.9986138860840731,0.999189450689956,50000
1,0.9999,0.9999,9.999999999998899e-05,0.99994,0.9998235883721577,0.9999795947496769,50000
10,0.99,0.9043820750088044,0.09561792499119559,0.90524,0.9026415427898193,0.9077761911948432,50000
10,0.999,0.9900448802097482,0.009955119790251765,0.99068,0.9897992329891151,0.9914853729520413,50000
10,0.9999,0.9990004498800211,0.0009995501199788759,0.99912,0.9988189420835661,0.9993443670330678,50000
100,0.99,0.3660323412732292,0.6339676587267709,0.36512,0.3609102954635754,0.36935042914443156,50000
100,0.999,0.9047921471137089,0.09520785288629108,0.90398,0.9013664300077656,0.9065314975786621,50000
100,0.9999,0.9900493386913719,0.009950661308628095,0.98892,0.9879641722183288,0.9898007041506902,50000
1000,0.99,4.317124741065786e-05,0.9999568287525893,2e-05,3.530409009447142e-06,0.00011329261524395344,50000
1000,0.999,0.36769542477096373,0.6323045752290363,0.36854,0.36432175019616925,0.3727784489213321,50000
1000,0.9999,0.9048328935585562,0.09516710644144377,0.90578,0.9031880619297002,0.9083095890827771,50000
