annual_residual_hazard_illustrative,horizon_years,analytic_no_failure_probability,monte_carlo_no_failure_probability,mc_95_wilson_low,mc_95_wilson_high,trials
1e-06,100,0.9999000049998333,0.9999,0.9997659033929338,0.9999572858749883,50000
1e-06,500,0.9995001249791693,0.9997,0.999505038268005,0.9998181817303563,50000
1e-06,1000,0.999000499833375,0.99898,0.9986592609274526,0.9992240697004885,50000
1e-05,100,0.999000499833375,0.99916,0.9988648435379326,0.9993784594326136,50000
1e-05,500,0.9950124791926823,0.9948,0.994130430148314,0.9953935427458007,50000
1e-05,1000,0.9900498337491681,0.98942,0.9884848284651936,0.9902799710777278,50000
0.0001,100,0.9900498337491681,0.99012,0.9892146131240827,0.9909500788623027,50000
0.0001,500,0.951229424500714,0.95118,0.9492562254248927,0.95303444977795,50000
0.0001,1000,0.9048374180359595,0.90544,0.902843954311105,0.9079737489431187,50000
0.001,100,0.9048374180359595,0.90472,0.9021152891324559,0.9072625247513478,50000
0.001,500,0.6065306597126334,0.6041,0.5998055075104219,0.6083784972961207,50000
0.001,1000,0.36787944117144233,0.36618,0.36196762243800584,0.3704129392986748,50000
